KILO,CHOCOLATE_BLANCO,CHOCOLATE
MEDIO,FRUTILLA,VAINILLA,MENTA
KILO,CREMA_AMERICANA
MEDIO,TIRAMISU,MARACUYA
KILO,CHOCOLATE_BLANCO,CHOCOLATE
MEDIO,FRUTILLA,VAINILLA,MENTA
KILO,CREMA_AMERICANA
MEDIO,TIRAMISU,MARACUYA
KILO,CHOCOLATE_BLANCO,CHOCOLATE
MEDIO,FRUTILLA,VAINILLA,MENTA
KILO,CREMA_AMERICANA
MEDIO,TIRAMISU,MARACUYA
KILO,CHOCOLATE_BLANCO,CHOCOLATE
MEDIO,FRUTILLA,VAINILLA,MENTA
KILO,CREMA_AMERICANA
MEDIO,TIRAMISU,MARACUYA
KILO,CHOCOLATE_BLANCO,CHOCOLATE
MEDIO,FRUTILLA,VAINILLA,MENTA
KILO,CREMA_AMERICANA
MEDIO,TIRAMISU,MARACUYA
KILO,CHOCOLATE_BLANCO,CHOCOLATE
MEDIO,FRUTILLA,VAINILLA,MENTA
KILO,CREMA_AMERICANA
MEDIO,TIRAMISU,MARACUYA
KILO,CHOCOLATE_BLANCO,CHOCOLATE
MEDIO,FRUTILLA,VAINILLA,MENTA
KILO,CREMA_AMERICANA
MEDIO,TIRAMISU,MARACUYA
KILO,CHOCOLATE_BLANCO,CHOCOLATE
MEDIO,FRUTILLA,VAINILLA,MENTA
KILO,CREMA_AMERICANA
MEDIO,TIRAMISU,MARACUYA
KILO,CHOCOLATE_BLANCO,CHOCOLATE
MEDIO,FRUTILLA,VAINILLA,MENTA
KILO,CREMA_AMERICANA
MEDIO,TIRAMISU,MARACUYA
KILO,CHOCOLATE_BLANCO,CHOCOLATE
MEDIO,FRUTILLA,VAINILLA,MENTA
KILO,CREMA_AMERICANA
MEDIO,TIRAMISU,MARACUYA
KILO,CHOCOLATE_BLANCO,CHOCOLATE
MEDIO,FRUTILLA,VAINILLA,MENTA
KILO,CREMA_AMERICANA
MEDIO,TIRAMISU,MARACUYA
KILO,CHOCOLATE_BLANCO,CHOCOLATE
MEDIO,FRUTILLA,VAINILLA,MENTA
KILO,CREMA_AMERICANA
MEDIO,TIRAMISU,MARACUYA
KILO,CHOCOLATE_BLANCO,CHOCOLATE
MEDIO,FRUTILLA,VAINILLA,MENTA
KILO,CREMA_AMERICANA
MEDIO,TIRAMISU,MARACUYA
KILO,CHOCOLATE_BLANCO,CHOCOLATE
MEDIO,FRUTILLA,VAINILLA,MENTA
KILO,CREMA_AMERICANA
MEDIO,TIRAMISU,MARACUYA
KILO,CHOCOLATE_BLANCO,CHOCOLATE
MEDIO,FRUTILLA,VAINILLA,MENTA
KILO,CREMA_AMERICANA
MEDIO,TIRAMISU,MARACUYA
KILO,CHOCOLATE_BLANCO,CHOCOLATE
MEDIO,FRUTILLA,VAINILLA,MENTA
KILO,CREMA_AMERICANA
MEDIO,TIRAMISU,MARACUYA
KILO,CHOCOLATE_BLANCO,CHOCOLATE
MEDIO,FRUTILLA,VAINILLA,MENTA
KILO,CREMA_AMERICANA
MEDIO,TIRAMISU,MARACUYA
KILO,CHOCOLATE_BLANCO,CHOCOLATE
MEDIO,FRUTILLA,VAINILLA,MENTA
KILO,CREMA_AMERICANA
MEDIO,TIRAMISU,MARACUYA
KILO,CHOCOLATE_BLANCO,CHOCOLATE
MEDIO,FRUTILLA,VAINILLA,MENTA
KILO,CREMA_AMERICANA
MEDIO,TIRAMISU,MARACUYA
KILO,CHOCOLATE_BLANCO,CHOCOLATE
MEDIO,FRUTILLA,VAINILLA,MENTA
KILO,CREMA_AMERICANA
MEDIO,TIRAMISU,MARACUYA
KILO,CHOCOLATE_BLANCO,CHOCOLATE
MEDIO,FRUTILLA,VAINILLA,MENTA
KILO,CREMA_AMERICANA
MEDIO,TIRAMISU,MARACUYA
KILO,CHOCOLATE_BLANCO,CHOCOLATE
MEDIO,FRUTILLA,VAINILLA,MENTA
KILO,CREMA_AMERICANA
MEDIO,TIRAMISU,MARACUYA
KILO,CHOCOLATE_BLANCO,CHOCOLATE
MEDIO,FRUTILLA,VAINILLA,MENTA
KILO,CREMA_AMERICANA
MEDIO,TIRAMISU,MARACUYA
KILO,CHOCOLATE_BLANCO,CHOCOLATE
MEDIO,FRUTILLA,VAINILLA,MENTA
KILO,CREMA_AMERICANA
MEDIO,TIRAMISU,MARACUYA
KILO,CHOCOLATE_BLANCO,CHOCOLATE
MEDIO,FRUTILLA,VAINILLA,MENTA
KILO,CREMA_AMERICANA
MEDIO,TIRAMISU,MARACUYA
KILO,CHOCOLATE_BLANCO,CHOCOLATE
MEDIO,FRUTILLA,VAINILLA,MENTA
KILO,CREMA_AMERICANA
MEDIO,TIRAMISU,MARACUYA
KILO,CHOCOLATE_BLANCO,CHOCOLATE
MEDIO,FRUTILLA,VAINILLA,MENTA
KILO,CREMA_AMERICANA
MEDIO,TIRAMISU,MARACUYA
KILO,CHOCOLATE_BLANCO,CHOCOLATE
MEDIO,FRUTILLA,VAINILLA,MENTA
KILO,CREMA_AMERICANA
MEDIO,TIRAMISU,MARACUYA
KILO,CHOCOLATE_BLANCO,CHOCOLATE
MEDIO,FRUTILLA,VAINILLA,MENTA
KILO,CREMA_AMERICANA
MEDIO,TIRAMISU,MARACUYA
KILO,CHOCOLATE_BLANCO,CHOCOLATE
MEDIO,FRUTILLA,VAINILLA,MENTA
KILO,CREMA_AMERICANA
MEDIO,TIRAMISU,MARACUYA
KILO,CHOCOLATE_BLANCO,CHOCOLATE
MEDIO,FRUTILLA,VAINILLA,MENTA
KILO,CREMA_AMERICANA
MEDIO,TIRAMISU,MARACUYA
KILO,CHOCOLATE_BLANCO,CHOCOLATE
MEDIO,FRUTILLA,VAINILLA,MENTA
KILO,CREMA_AMERICANA
MEDIO,TIRAMISU,MARACUYA
KILO,CHOCOLATE_BLANCO,CHOCOLATE
MEDIO,FRUTILLA,VAINILLA,MENTA
KILO,CREMA_AMERICANA
MEDIO,TIRAMISU,MARACUYA
KILO,CHOCOLATE_BLANCO,CHOCOLATE
MEDIO,FRUTILLA,VAINILLA,MENTA
KILO,CREMA_AMERICANA
MEDIO,TIRAMISU,MARACUYA
KILO,CHOCOLATE_BLANCO,CHOCOLATE
MEDIO,FRUTILLA,VAINILLA,MENTA
KILO,CREMA_AMERICANA
MEDIO,TIRAMISU,MARACUYA
KILO,CHOCOLATE_BLANCO,CHOCOLATE
MEDIO,FRUTILLA,VAINILLA,MENTA
KILO,CREMA_AMERICANA
MEDIO,TIRAMISU,MARACUYA
KILO,CHOCOLATE_BLANCO,CHOCOLATE
MEDIO,FRUTILLA,VAINILLA,MENTA
KILO,CREMA_AMERICANA
MEDIO,TIRAMISU,MARACUYA
KILO,CHOCOLATE_BLANCO,CHOCOLATE
MEDIO,FRUTILLA,VAINILLA,MENTA
KILO,CREMA_AMERICANA
MEDIO,TIRAMISU,MARACUYA
KILO,CHOCOLATE_BLANCO,CHOCOLATE
MEDIO,FRUTILLA,VAINILLA,MENTA
KILO,CREMA_AMERICANA
MEDIO,TIRAMISU,MARACUYA
KILO,CHOCOLATE_BLANCO,CHOCOLATE
MEDIO,FRUTILLA,VAINILLA,MENTA
KILO,CREMA_AMERICANA
MEDIO,TIRAMISU,MARACUYA
KILO,CHOCOLATE_BLANCO,CHOCOLATE
MEDIO,FRUTILLA,VAINILLA,MENTA
KILO,CREMA_AMERICANA
MEDIO,TIRAMISU,MARACUYA
KILO,CHOCOLATE_BLANCO,CHOCOLATE
MEDIO,FRUTILLA,VAINILLA,MENTA
KILO,CREMA_AMERICANA
MEDIO,TIRAMISU,MARACUYA
KILO,CHOCOLATE_BLANCO,CHOCOLATE
MEDIO,FRUTILLA,VAINILLA,MENTA
KILO,CREMA_AMERICANA
MEDIO,TIRAMISU,MARACUYA
KILO,CHOCOLATE_BLANCO,CHOCOLATE
MEDIO,FRUTILLA,VAINILLA,MENTA
KILO,CREMA_AMERICANA
MEDIO,TIRAMISU,MARACUYA
KILO,CHOCOLATE_BLANCO,CHOCOLATE
MEDIO,FRUTILLA,VAINILLA,MENTA
KILO,CREMA_AMERICANA
MEDIO,TIRAMISU,MARACUYA
KILO,CHOCOLATE_BLANCO,CHOCOLATE
MEDIO,FRUTILLA,VAINILLA,MENTA
KILO,CREMA_AMERICANA
MEDIO,TIRAMISU,MARACUYA
KILO,CHOCOLATE_BLANCO,CHOCOLATE
MEDIO,FRUTILLA,VAINILLA,MENTA
KILO,CREMA_AMERICANA
MEDIO,TIRAMISU,MARACUYA
KILO,CHOCOLATE_BLANCO,CHOCOLATE
MEDIO,FRUTILLA,VAINILLA,MENTA
KILO,CREMA_AMERICANA
MEDIO,TIRAMISU,MARACUYA
KILO,CHOCOLATE_BLANCO,CHOCOLATE
MEDIO,FRUTILLA,VAINILLA,MENTA
KILO,CREMA_AMERICANA
MEDIO,TIRAMISU,MARACUYA
KILO,CHOCOLATE_BLANCO,CHOCOLATE
MEDIO,FRUTILLA,VAINILLA,MENTA
KILO,CREMA_AMERICANA
MEDIO,TIRAMISU,MARACUYA
KILO,CHOCOLATE_BLANCO,CHOCOLATE
MEDIO,FRUTILLA,VAINILLA,MENTA
KILO,CREMA_AMERICANA
MEDIO,TIRAMISU,MARACUYA
KILO,CHOCOLATE_BLANCO,CHOCOLATE
MEDIO,FRUTILLA,VAINILLA,MENTA
KILO,CREMA_AMERICANA
MEDIO,TIRAMISU,MARACUYA
